{
	"id": "61706e997246842b94b50268770f6beb",
	"_format": "hh-sol-build-info-1",
	"solcVersion": "0.8.7",
	"solcLongVersion": "0.8.7+commit.e28d00a7",
	"input": {
		"language": "Solidity",
		"sources": {
			"contracts/Structure.sol": {
				"content": "//SPDX-License-Identifier:MIT\r\n\r\npragma solidity ^0.8.3;\r\n"
			}
		},
		"settings": {
			"optimizer": {
				"enabled": false,
				"runs": 200
			},
			"outputSelection": {
				"*": {
					"": [
						"ast"
					],
					"*": [
						"abi",
						"metadata",
						"devdoc",
						"userdoc",
						"storageLayout",
						"evm.legacyAssembly",
						"evm.bytecode",
						"evm.deployedBytecode",
						"evm.methodIdentifiers",
						"evm.gasEstimates",
						"evm.assembly"
					]
				}
			}
		}
	},
	"output": {
		"sources": {
			"contracts/Structure.sol": {
				"ast": {
					"absolutePath": "contracts/Structure.sol",
					"exportedSymbols": {},
					"id": 2,
					"license": "MIT",
					"nodeType": "SourceUnit",
					"nodes": [
						{
							"id": 1,
							"literals": [
								"solidity",
								"^",
								"0.8",
								".3"
							],
							"nodeType": "PragmaDirective",
							"src": "33:23:0"
						}
					],
					"src": "33:25:0"
				},
				"id": 0
			}
		}
	}
}