{
	"id": "584fd59f1eeecbfbac1aee872b62e8fe",
	"_format": "hh-sol-build-info-1",
	"solcVersion": "0.8.7",
	"solcLongVersion": "0.8.7+commit.e28d00a7",
	"input": {
		"language": "Solidity",
		"sources": {
			"contracts/CryptoKids.sol": {
				"content": "// SPDX-License-Identifie:Unlicensed\r\n\r\npragma solidity^0.8.7;\r\n"
			}
		},
		"settings": {
			"optimizer": {
				"enabled": false,
				"runs": 200
			},
			"outputSelection": {
				"*": {
					"": [
						"ast"
					],
					"*": [
						"abi",
						"metadata",
						"devdoc",
						"userdoc",
						"storageLayout",
						"evm.legacyAssembly",
						"evm.bytecode",
						"evm.deployedBytecode",
						"evm.methodIdentifiers",
						"evm.gasEstimates",
						"evm.assembly"
					]
				}
			}
		}
	},
	"output": {
		"errors": [
			{
				"component": "general",
				"errorCode": "1878",
				"formattedMessage": "Warning: SPDX license identifier not provided in source file. Before publishing, consider adding a comment containing \"SPDX-License-Identifier: <SPDX-License>\" to each source file. Use \"SPDX-License-Identifier: UNLICENSED\" for non-open-source code. Please see https://spdx.org for more information.\n--> contracts/CryptoKids.sol\n\n",
				"message": "SPDX license identifier not provided in source file. Before publishing, consider adding a comment containing \"SPDX-License-Identifier: <SPDX-License>\" to each source file. Use \"SPDX-License-Identifier: UNLICENSED\" for non-open-source code. Please see https://spdx.org for more information.",
				"severity": "warning",
				"sourceLocation": {
					"end": -1,
					"file": "contracts/CryptoKids.sol",
					"start": -1
				},
				"type": "Warning"
			}
		],
		"sources": {
			"contracts/CryptoKids.sol": {
				"ast": {
					"absolutePath": "contracts/CryptoKids.sol",
					"exportedSymbols": {},
					"id": 2,
					"nodeType": "SourceUnit",
					"nodes": [
						{
							"id": 1,
							"literals": [
								"solidity",
								"^",
								"0.8",
								".7"
							],
							"nodeType": "PragmaDirective",
							"src": "40:22:0"
						}
					],
					"src": "40:24:0"
				},
				"id": 0
			}
		}
	}
}